Fecha,Tipo,Concepto,Total,Saldo
2026-01-01 09:00:00.000000,Saldo Inicial,Apertura de cuenta,1000.0,1000.0
2026-01-10 09:00:00.000000,Inversión,Cartera Tech,300.0,700.0
2026-02-05 09:00:00.000000,Inversión,Cartera Bonos,200.0,500.0
2026-03-01 09:00:00.000000,Gasto,Comisión custodia,10.0,490.0
2026-04-12 09:00:00.000000,Inversión,Cartera Global,250.0,240.0
2026-05-10 09:00:00.000000,Inversión_r,Cartera Tech,400.0,640.0
2026-06-08 09:00:00.000000,Inversión_r,Cartera Bonos,150.0,790.0
2026-06-25 10:30:00.000000,Ingreso,Desde OPENBANK,400.0,1190.0
2026-07-02 09:00:00.000000,Ingreso,Dividendo,15.0,1205.0
